Req,Title,Status,Finding,Action
ENERGY_REQ_7,"Maximum stored energy under 10 kWh",PASS,"546 cells x 3.6 V x 5.0 Ah x f=1.0 = 9828 Wh. Margin 172 Wh (1.72%).","Margin is thin. The rule caps the pack at 555 cells of this type; you have 546."
ENERGY_REQ_188,"Motor nominal power at or below 25 kW",ACTION,"Competr hardware is rated 26.9 kW nominal (42 kW peak), which is 1.9 kW over the rule limit. The drivetrain is configured to 25.0 kW, which complies, and every model in this project enforces that limit.","Compliance depends entirely on the derate. Get a written statement from Competr confirming the unit can be limited to 25 kW nominal, and be able to show the setting in the inverter configuration at scrutineering."
ENERGY_REQ_187,"Approval required for voltage above 100 V",ACTION,"Pack reaches 109.2 V at 100% SOC (26S x 4.2 V), above the 100 V threshold.","Obtain Technical Committee approval during registration. This is a paperwork gate, not a design fault -- but without it the boat cannot race."
ENERGY_REQ_191,"High voltage training certification",ACTION,"System reaches 109.2 V, so the 100 V threshold applies.","Everyone who works on the pack needs a high voltage training certificate. Checked at technical inspection."
ENERGY_REQ_59,"Fuse rating below weakest protected component",PASS,"400 A fuse protects Series busbar (90 mm2) rated 450 A continuous.",""
ENERGY_REQ_58,"Fuse immediately after the energy storage",MODELLED,"A 400 A fuse is modelled in the HV path.","Confirm the physical fuse sits immediately after the pack terminals, before any other component. Also required on the telemetry battery."
ENERGY_REQ_57,"Adequately sized wire gauge",PASS,"150 mm2 cable, 459 A derated, against 375 A maximum continuous draw.",""
ENERGY_REQ_23,"Batteries used within datasheet ratings",PASS,"17.86 A per cell at the 375 A bus maximum, against a 60 A datasheet continuous rating (30% utilisation).",""
ENERGY_REQ_48,"Overall weight excluding hulls under 250 kg",PARTIAL,"Pack 52 kg + outboard 35 kg + pilot 80 kg = 167 kg. 83 kg left for cockpit structure, seat, controls, safety gear and wiring.","Cockpit structure is not modelled. Weigh the complete boat -- an overweight boat is not allowed in the water."
ENERGY_REQ_93,"Exposed parts below 60 degC",PASS,"Highest modelled steady cell temperature 53.6 degC.",""
ENERGY_REQ_67,"Battery temperature monitored and shown to pilot",ACTION,"Not a model property. The BMS must display cell temperature to the pilot, and the telemetry battery needs monitoring too.","Confirm the BMS temperature channel reaches the pilot display."
ENERGY_REQ_68,"Pilot warned at 90% of maximum temperature",ACTION,"With a 70 degC cell maximum, the warning must trigger at 63 degC.","Set the BMS warning threshold to 63 degC."
ENERGY_REQ_182,"Pass-through hole for organiser temperature sensor",ACTION,"A 3.2 mm hole is required, positioned so the sensor can reach the cells at the core of the pack.","Add the pass-through to the enclosure design. The three empty slots in the 4x4 grid give a natural route to the pack centre."
ENERGY_REQ_154,"Steering rotates at least 40 degrees each side",PASS,"Competr steering range -40 to +40 degrees.","Exactly at the limit, with no margin. Verify the installed range on the boat."
ENERGY_REQ_25,"Energy container at least 500 mm from the pilot",CHECKLIST,"Physical or procedural. Not derivable from the model.","Verify on the build before technical inspection."
ENERGY_REQ_26,"Energy container not in the pilot's seating area",CHECKLIST,"Physical or procedural. Not derivable from the model.","Verify on the build before technical inspection."
ENERGY_REQ_27,"Container ventilation blows away from the pilot",CHECKLIST,"Physical or procedural. Not derivable from the model.","Verify on the build before technical inspection."
ENERGY_REQ_24,"Energy source securely fixed onboard",CHECKLIST,"Physical or procedural. Not derivable from the model.","Verify on the build before technical inspection."
ENERGY_REQ_155,"Container overpressure valve, certified and sized, facing aft",CHECKLIST,"Physical or procedural. Not derivable from the model.","Verify on the build before technical inspection."
ENERGY_REQ_56,"Fire extinguisher port on the port side of the container",CHECKLIST,"Physical or procedural. Not derivable from the model.","Verify on the build before technical inspection."
ENERGY_REQ_189,"External charging interface, no need to open the container",CHECKLIST,"Physical or procedural. Not derivable from the model.","Verify on the build before technical inspection."
ENERGY_REQ_171,"W026 lithium battery symbol, at least 10 cm",CHECKLIST,"Physical or procedural. Not derivable from the model.","Verify on the build before technical inspection."
ENERGY_REQ_172,"Battery capacity marked, letters at least 2 cm",CHECKLIST,"Physical or procedural. Not derivable from the model.","Verify on the build before technical inspection."
ENERGY_REQ_173,"Battery composition marked, letters at least 2 cm",CHECKLIST,"Physical or procedural. Not derivable from the model.","Verify on the build before technical inspection."
ENERGY_REQ_50,"Bulkhead isolating propulsion and energy from the pilot",CHECKLIST,"Physical or procedural. Not derivable from the model.","Verify on the build before technical inspection."
ENERGY_REQ_51,"Bulkhead at least A1 fire resistant (Euroclass)",CHECKLIST,"Physical or procedural. Not derivable from the model.","Verify on the build before technical inspection."
ENERGY_REQ_52,"Bulkhead protects the pilot from an energy storage explosion",CHECKLIST,"Physical or procedural. Not derivable from the model.","Verify on the build before technical inspection."
ENERGY_REQ_55,"Cable pass-throughs fitted with grommets",CHECKLIST,"Physical or procedural. Not derivable from the model.","Verify on the build before technical inspection."
ENERGY_REQ_60,"No live part touchable with a 6 mm probe",CHECKLIST,"Physical or procedural. Not derivable from the model.","Verify on the build before technical inspection."
ENERGY_REQ_61,"All wiring outside the enclosure is orange",CHECKLIST,"Physical or procedural. Not derivable from the model.","Verify on the build before technical inspection."
ENERGY_REQ_62,"Electronics in an IP56 watertight, cooled compartment",CHECKLIST,"Physical or procedural. Not derivable from the model.","Verify on the build before technical inspection."
ENERGY_REQ_63,"Circuits above 15 V DC at least IP2X, busbars included",CHECKLIST,"Physical or procedural. Not derivable from the model.","Verify on the build before technical inspection."
ENERGY_REQ_70,"Kill cord fitted",CHECKLIST,"Physical or procedural. Not derivable from the model.","Verify on the build before technical inspection."
ENERGY_REQ_71,"Kill cord cuts engine power in under 1 second",CHECKLIST,"Physical or procedural. Not derivable from the model.","Verify on the build before technical inspection."
ENERGY_REQ_75,"Emergency stop mushroom button fitted",CHECKLIST,"Physical or procedural. Not derivable from the model.","Verify on the build before technical inspection."
ENERGY_REQ_79,"Emergency stop isolates all power sources, hardware not software",CHECKLIST,"Physical or procedural. Not derivable from the model.","Verify on the build before technical inspection."
ENERGY_REQ_81,"Emergency stop on the starboard side, in front of the pilot",CHECKLIST,"Physical or procedural. Not derivable from the model.","Verify on the build before technical inspection."
ENERGY_REQ_184,"Organiser power interface, 10-28 V, 30 W, specified Amphenol connector",CHECKLIST,"Physical or procedural. Not derivable from the model.","Verify on the build before technical inspection."
ENERGY_REQ_185,"Free 190 x 150 x 122 mm volume for the organiser monitoring device, open to sky",CHECKLIST,"Physical or procedural. Not derivable from the model.","Verify on the build before technical inspection."
ENERGY_REQ_181,"ESC input power wired to accept the organiser sensing device",CHECKLIST,"Physical or procedural. Not derivable from the model.","Verify on the build before technical inspection."
ENERGY_REQ_32,"Boat moves and manoeuvres in forward and reverse",CHECKLIST,"Physical or procedural. Not derivable from the model.","Verify on the build before technical inspection."
ENERGY_REQ_37,"Boat reaches at least 3 knots",CHECKLIST,"Physical or procedural. Not derivable from the model.","Verify on the build before technical inspection."
ENERGY_REQ_44,"Pilot can evacuate within 5 seconds unaided",CHECKLIST,"Physical or procedural. Not derivable from the model.","Verify on the build before technical inspection."
ENERGY_REQ_106,"ABC fire extinguisher, at least 1 kg, approved",CHECKLIST,"Physical or procedural. Not derivable from the model.","Verify on the build before technical inspection."
