x_mm,area_mm2,width_mm,height_mm,z_top_mm,z_bot_mm
-878.67,74701.5,508.59,150.68,729.50,579.50
-870.21,75697.3,509.85,152.95,729.50,579.50
-861.76,76696.8,511.10,155.21,729.50,579.50
-853.31,77697.0,512.36,157.47,729.50,579.50
-844.86,78700.8,513.61,159.73,729.50,579.50
-836.40,79718.7,514.87,162.01,729.50,579.50
-827.95,80736.4,516.12,164.28,729.50,579.50
-819.50,81756.7,517.37,166.54,729.50,579.50
-811.04,82771.2,518.63,168.78,729.50,579.50
-802.59,83812.1,519.88,171.08,729.50,579.50
-794.14,84846.9,521.13,173.36,729.50,579.50
-785.68,85888.5,522.38,175.63,729.50,579.50
-777.23,86919.8,523.62,177.87,729.50,579.50
-768.78,87967.6,524.87,180.16,729.50,579.50
-760.32,89028.2,526.12,182.47,729.50,579.50
-751.87,90084.2,527.36,184.75,729.50,579.50
-743.42,91152.5,528.60,187.02,729.50,579.50
-734.97,92205.5,529.84,189.29,729.50,579.50
-726.51,93297.5,531.08,191.63,729.50,579.50
-718.06,94377.7,532.32,193.93,729.50,579.50
-709.61,95464.1,533.55,196.21,729.50,579.50
-701.15,96550.7,534.79,198.50,729.50,579.50
-692.70,97655.7,536.02,200.86,729.50,579.50
-684.25,98774.3,537.25,203.21,729.50,579.50
-675.79,99879.7,538.47,205.50,729.50,579.50
-667.34,100989.9,539.70,207.80,729.50,579.50
-658.89,102266.1,540.93,210.47,729.50,579.50
-650.43,103593.1,542.15,213.21,729.50,579.50
-641.98,104939.7,543.38,215.96,729.50,579.50
-633.53,106293.6,544.60,218.71,729.50,579.50
-625.08,107688.6,545.83,221.60,729.50,579.50
-616.62,109103.4,547.06,224.49,729.50,579.50
-608.17,110536.0,548.29,227.38,729.50,579.50
-599.72,111977.6,549.52,230.27,729.50,579.50
-591.26,113453.8,550.76,233.29,729.50,579.50
-582.81,114952.2,551.99,236.32,729.50,579.50
-574.36,116467.7,553.23,239.34,729.50,579.50
-565.90,117996.9,554.48,242.37,729.50,579.50
-557.45,119552.3,555.73,245.50,729.50,579.50
-549.00,121138.6,556.99,248.64,729.50,579.50
-540.55,122732.6,558.25,251.79,729.50,579.50
-532.09,124333.8,559.52,254.94,729.50,579.50
-523.64,125956.1,560.79,258.16,729.50,579.50
-515.19,127611.2,562.08,261.41,729.50,579.50
-506.73,129277.4,563.36,264.65,729.50,579.50
-498.28,130951.1,564.66,267.90,729.50,579.50
-489.83,132631.7,565.97,271.17,729.50,579.50
-481.37,134333.3,567.28,274.46,729.50,579.50
-472.92,136041.8,568.60,277.75,729.50,579.50
-464.47,137757.3,569.93,281.03,729.50,579.50
-456.01,139475.9,571.26,284.31,729.50,579.50
-447.56,141195.8,572.60,287.58,729.50,579.50
-439.11,142922.0,573.95,290.85,729.50,579.50
-430.66,144651.0,575.30,294.13,729.50,579.50
-422.20,146382.6,576.66,297.37,729.50,579.50
-413.75,148094.6,578.02,300.57,729.50,579.50
-405.30,149809.6,579.40,303.77,729.50,579.50
-396.84,151520.6,580.77,306.97,729.50,579.50
-388.39,153237.6,582.14,310.15,729.50,579.50
-379.94,154935.6,583.52,313.26,729.50,579.50
-371.48,156625.1,584.90,316.37,729.50,579.50
-363.03,158296.8,586.29,319.41,729.50,579.50
-354.58,159960.4,587.68,322.45,729.50,579.50
-346.12,161612.2,589.07,325.43,729.50,579.50
-337.67,163250.7,590.46,328.40,729.50,579.50
-329.22,164883.1,591.85,331.31,729.50,579.50
-320.77,166500.5,593.24,334.21,729.50,579.50
-312.31,168111.0,594.63,337.07,729.50,579.50
-303.86,169706.3,596.03,339.87,729.50,579.50
-295.41,171300.9,597.42,342.67,729.50,579.50
-286.95,172882.3,598.82,345.47,729.50,579.50
-278.50,174458.6,600.21,348.27,729.50,579.50
-270.05,176019.7,601.61,350.95,729.50,579.50
-261.59,177576.2,603.01,353.64,729.50,579.50
-253.14,179130.3,604.40,356.32,729.50,579.50
-244.69,180675.3,605.80,359.00,729.50,579.50
-236.24,182210.3,607.20,361.63,729.50,579.50
-227.78,183729.5,608.60,364.20,729.50,579.50
-219.33,185245.4,610.00,366.77,729.50,579.50
-210.88,186759.9,611.40,369.34,729.50,579.50
-202.42,188277.7,612.80,371.91,729.50,579.50
-193.97,189782.1,614.20,374.38,729.50,579.50
-185.52,191269.8,615.60,376.85,729.50,579.50
-177.06,192756.5,617.00,379.31,729.50,579.50
-168.61,194243.6,618.40,381.78,729.50,579.50
-160.16,195732.8,619.80,384.21,729.50,579.50
-151.70,197195.4,621.20,386.57,729.50,579.50
-143.25,198651.4,622.60,388.93,729.50,579.50
-134.80,200107.1,624.00,391.29,729.50,579.50
-126.35,201567.2,625.41,393.65,729.50,579.50
-117.89,203020.7,626.81,395.94,729.50,579.50
-109.44,204450.0,628.21,398.19,729.50,579.50
-100.99,205875.2,629.61,400.45,729.50,579.50
-92.53,207304.7,631.01,402.71,729.50,579.50
-84.08,208738.7,632.42,404.95,729.50,579.50
-75.63,210153.4,633.82,407.11,729.50,579.50
-67.17,211553.1,635.22,409.26,729.50,579.50
-58.72,212950.6,636.63,411.42,729.50,579.50
-50.27,214353.7,638.03,413.57,729.50,579.50
-41.81,215757.1,639.44,415.68,729.50,579.50
-33.36,217132.4,640.84,417.73,729.50,579.50
-24.91,218504.3,642.25,419.78,729.50,579.50
-16.46,219875.5,643.66,421.84,729.50,579.50
-8.00,221253.5,645.06,423.89,729.50,579.50
0.45,222623.4,646.47,425.85,729.50,579.50
8.90,223977.9,647.88,427.80,729.50,579.50
17.36,225325.6,649.29,429.75,729.50,579.50
25.81,226663.4,650.70,431.69,729.50,579.50
34.26,228003.2,652.11,433.63,729.50,579.50
42.72,229323.3,653.52,435.46,729.50,579.50
51.17,230640.1,654.93,437.29,729.50,579.50
59.62,231960.3,656.34,439.12,729.50,579.50
68.08,233260.8,657.75,440.96,729.50,579.50
76.53,234561.2,659.16,442.74,729.50,579.50
84.98,235853.4,660.58,444.45,729.50,579.50
93.43,237138.6,661.99,446.16,729.50,579.50
101.89,238417.8,663.41,447.87,729.50,579.50
110.34,239676.2,664.82,449.58,729.50,579.50
118.79,240938.9,666.24,451.21,729.50,579.50
127.25,242190.5,667.66,452.79,729.50,579.50
135.70,243436.4,669.08,454.37,729.50,579.50
144.15,244668.6,670.50,455.95,729.50,579.50
152.61,245891.0,671.92,457.53,729.50,579.50
161.06,247103.9,673.34,459.01,729.50,579.50
169.51,248313.5,674.76,460.46,729.50,579.50
177.96,249523.4,676.19,461.92,729.50,579.50
186.42,250711.5,677.61,463.37,729.50,579.50
194.87,251921.9,679.04,464.83,729.50,579.50
203.32,253104.3,680.47,466.19,729.50,579.50
211.78,254283.1,681.89,467.55,729.50,579.50
220.23,255476.9,683.32,468.92,729.50,579.50
228.68,256656.6,684.75,470.28,729.50,579.50
237.14,257845.8,686.18,471.63,729.50,579.50
245.59,259006.1,687.61,472.93,729.50,579.50
254.04,260182.4,689.04,474.23,729.50,579.50
262.50,261363.9,690.47,475.53,729.50,579.50
270.95,262548.4,691.90,476.83,729.50,579.50
279.40,263733.6,693.33,478.12,729.50,579.50
287.85,264917.8,694.76,479.39,729.50,579.50
296.31,266107.6,696.19,480.65,729.50,579.50
304.76,267299.4,697.62,481.91,729.50,579.50
313.21,268492.5,699.05,483.18,729.50,579.50
321.67,202345.9,699.68,464.80,729.50,579.50
330.12,175886.1,698.74,449.16,729.50,579.50
338.57,150455.0,697.80,433.53,729.50,579.50
347.03,126052.2,696.86,417.89,729.50,579.50
355.48,102677.8,695.92,402.25,729.50,579.50
363.93,80331.8,694.99,386.61,729.50,579.50
372.39,61604.6,694.05,372.73,729.50,579.50
380.84,58563.7,693.11,369.18,729.50,579.50
389.29,58101.2,692.17,367.37,729.50,579.50
397.74,57656.5,691.23,365.57,729.50,579.50
406.20,57214.0,690.29,363.77,729.50,579.50
414.65,56773.6,689.35,361.97,729.50,579.50
423.10,56335.4,688.41,360.17,729.50,579.50
431.56,55899.4,687.47,358.37,729.50,579.50
440.01,55465.5,686.53,356.57,729.50,579.50
448.46,55033.7,685.59,354.77,729.50,579.50
456.92,54604.2,684.65,352.97,729.50,579.50
465.37,54176.8,683.71,351.17,729.50,579.50
473.82,53751.5,682.78,349.37,729.50,579.50
482.27,53328.4,681.84,347.57,729.50,579.50
490.73,52907.5,680.90,345.77,729.50,579.50
499.18,52488.7,679.96,343.97,729.50,579.50
507.63,52072.1,679.02,342.17,729.50,579.50
516.09,51657.7,678.08,340.37,729.50,579.50
524.54,51245.4,677.14,338.57,729.50,579.50
532.99,50835.3,676.20,336.77,729.50,579.50
541.45,50427.3,675.26,334.97,729.50,579.50
549.90,50021.5,674.32,333.17,729.50,579.50
558.35,49617.9,673.38,331.37,729.50,579.50
566.81,49216.5,672.44,329.57,729.50,579.50
575.26,48817.3,671.50,327.77,729.50,579.50
583.71,48420.3,670.57,325.97,729.50,579.50
592.16,48025.4,669.63,324.17,729.50,579.50
600.62,47632.8,668.69,322.37,729.50,579.50
609.07,47242.3,667.75,320.57,729.50,579.50
617.52,46854.0,666.81,318.77,729.50,579.50
625.98,46467.9,665.87,316.97,729.50,579.50
634.43,46084.0,664.93,315.17,729.50,579.50
642.88,45702.3,663.99,313.37,729.50,579.50
651.34,45322.8,663.05,311.57,729.50,579.50
659.79,44945.4,662.11,309.77,729.50,579.50
668.24,44570.3,661.17,307.97,729.50,579.50
676.70,44197.3,660.23,306.17,729.50,579.50
685.15,43826.5,659.29,304.38,729.50,579.50
693.60,43457.9,658.36,302.58,729.50,579.50
702.05,43091.6,657.42,300.78,729.50,579.50
710.51,42727.3,656.48,298.98,729.50,579.50
718.96,42495.1,655.54,297.18,729.50,579.50
727.41,48942.1,654.60,296.20,729.50,579.50
735.87,55408.8,653.66,296.96,729.50,579.50
744.32,61975.0,652.72,299.62,729.50,579.50
752.77,68693.1,651.78,304.61,729.50,579.50
761.23,75563.8,650.84,313.32,729.50,579.50
769.68,188433.7,649.83,329.49,729.50,579.50
778.13,191499.5,648.21,345.90,729.50,579.50
786.59,193009.2,646.58,362.30,729.50,579.50
795.04,192779.4,644.96,378.57,729.50,579.50
803.49,190627.1,643.33,375.70,729.50,579.50
811.94,188490.2,641.71,372.83,729.50,579.50
820.40,186367.0,640.08,369.96,729.50,579.50
828.85,184246.7,638.46,367.13,729.50,579.50
837.30,182136.8,636.83,364.29,729.50,579.50
845.76,180038.8,635.21,361.46,729.50,579.50
854.21,177956.6,633.59,358.63,729.50,579.50
862.66,175882.1,631.96,355.79,729.50,579.50
871.12,173815.7,630.34,352.96,729.50,579.50
879.57,171761.1,628.71,350.16,729.50,579.50
888.02,169713.6,627.09,347.35,729.50,579.50
896.47,167675.1,625.46,344.55,729.50,579.50
904.93,165650.2,623.84,341.74,729.50,579.50
913.38,163631.6,622.21,338.94,729.50,579.50
921.83,161618.8,620.59,336.13,729.50,579.50
930.29,159617.1,618.96,333.36,729.50,579.50
938.74,157624.9,617.34,330.58,729.50,579.50
947.19,155644.4,615.72,327.81,729.50,579.50
955.65,153678.8,614.09,325.03,729.50,579.50
964.10,151722.5,612.47,322.26,729.50,579.50
972.55,149772.0,610.84,319.48,729.50,579.50
981.01,147828.3,609.22,316.73,729.50,579.50
989.46,145896.0,607.59,313.99,729.50,579.50
997.91,143972.8,605.97,311.24,729.50,579.50
1006.36,142058.5,604.34,308.50,729.50,579.50
1014.82,140159.0,602.72,305.75,729.50,579.50
1023.27,138268.1,601.09,302.99,729.50,579.50
1031.72,136380.2,599.47,300.25,729.50,579.50
1040.18,134501.9,597.84,297.51,729.50,579.50
1048.63,132632.4,596.22,294.77,729.50,579.50
1057.08,130779.2,594.60,292.07,729.50,579.50
1065.54,128887.1,592.97,289.22,729.50,579.50
1073.99,126925.3,591.35,285.98,729.50,579.50
1082.44,124969.1,589.72,282.72,729.50,579.50
1090.90,123018.8,588.10,279.46,729.50,579.50
1099.35,121081.9,586.47,276.21,729.50,579.50
1107.80,119172.5,584.85,273.07,729.50,579.50
1116.25,117271.4,583.22,269.93,729.50,579.50
1124.71,115380.9,581.60,266.77,729.50,579.50
1133.16,113511.9,579.97,263.68,729.50,579.50
1141.61,111654.1,578.35,260.59,729.50,579.50
1150.07,109808.9,576.73,257.51,729.50,579.50
1158.52,107988.8,575.10,254.54,729.50,579.50
1166.97,106182.7,573.48,251.57,729.50,579.50
1175.43,104386.9,571.85,248.58,729.50,579.50
1183.88,102610.6,570.23,245.66,729.50,579.50
1192.33,100838.5,568.60,242.74,729.50,579.50
1200.78,99079.8,566.98,239.83,729.50,579.50
1209.24,97352.0,565.35,237.03,729.50,579.50
1217.69,95628.4,563.73,234.23,729.50,579.50
1226.14,93912.2,562.10,231.40,729.50,579.50
1234.60,92223.4,560.48,228.65,729.50,579.50
1243.05,90536.6,558.86,225.90,729.50,579.50
1251.50,88861.5,557.23,223.15,729.50,579.50
1259.96,87220.2,555.61,220.52,729.50,579.50
1268.41,85580.3,553.98,217.89,729.50,579.50
1276.86,83942.8,552.36,215.21,729.50,579.50
1285.32,82326.5,550.73,212.59,729.50,579.50
1293.77,80700.3,549.11,209.93,729.50,579.50
1302.22,79061.9,547.48,207.21,729.50,579.50
1310.67,77404.2,545.86,204.33,729.50,579.50
1319.13,75732.3,544.23,201.37,729.50,579.50
1327.58,74033.1,542.61,198.26,729.50,579.50
1336.03,72308.9,540.98,194.98,729.50,579.50
1344.49,70572.8,539.36,191.62,729.50,579.50
1352.94,68818.7,537.74,188.15,729.50,579.50
1361.39,67041.8,536.11,184.52,729.50,579.50
1369.85,65253.1,534.49,180.81,729.50,579.50
1378.30,63431.8,532.86,176.93,729.50,579.50
1386.75,61585.8,531.24,172.89,729.50,579.50
1395.21,59739.6,529.61,168.75,729.50,579.50
1403.66,57863.0,527.99,164.51,729.50,579.50
1412.11,55971.7,526.36,160.10,729.50,579.50
1420.56,54069.6,524.74,155.59,729.50,579.50
1429.02,52130.3,523.11,150.91,729.50,579.50
1437.47,50175.1,521.49,146.06,729.50,579.50
1445.92,48203.1,519.87,141.09,729.50,579.50
1454.38,46207.1,518.24,136.02,729.50,579.50
1462.83,44200.7,516.62,130.80,729.50,579.50
1471.28,42168.1,514.99,125.42,729.50,579.50
1479.74,40107.5,513.37,119.86,729.50,579.50
1488.19,38032.5,511.74,114.18,729.50,579.50
1496.64,35934.7,510.12,108.31,729.50,579.50
1505.10,33812.3,508.49,102.33,729.50,579.50
1513.55,31679.1,506.87,96.21,729.50,579.50
1522.00,29526.0,505.24,89.90,729.50,579.50
1530.45,27336.3,503.62,83.38,729.50,579.50
1538.91,25133.3,502.00,76.72,729.50,579.50
1547.36,22920.2,500.37,69.91,729.50,579.50
1555.81,20670.1,498.75,62.91,729.50,579.50
1564.27,18401.3,497.12,55.74,729.50,579.50
1572.72,16403.8,485.22,50.57,729.50,579.50
1581.17,14735.1,460.68,47.69,729.50,579.50
1589.63,13055.1,433.91,44.70,729.50,579.50
1598.08,11363.6,404.43,41.52,729.50,579.50
1606.53,9667.0,371.53,38.09,729.50,579.50
1614.98,7979.2,334.48,34.26,729.50,579.50
1623.44,6309.4,295.08,30.22,729.50,579.50
1631.89,4580.8,250.17,25.38,729.50,579.50
1640.34,2727.5,191.41,19.35,729.50,579.50
1648.80,682.8,94.28,9.70,729.50,579.50